id;organization_name;org_member_email_id;created_date;last_modified_date
1;Concrete Investment Account Saint Lucia;User-centric;2019-06-30;2019-06-29
2;Chilean Peso Unidades de fomento;Web virtual deposit;2019-06-29;2019-06-29
3;mint green e-business EXE;back-end;2019-06-29;2019-06-29
4;Direct;Profit-focused;2019-06-29;2019-06-30
5;cutting-edge ability Hat;supply-chains magenta;2019-06-30;2019-06-30
6;User-centric Gloves;Mauritania;2019-06-29;2019-06-29
7;Tasty Concrete Chips Exclusive;Buckinghamshire capability zero tolerance;2019-06-30;2019-06-30
8;Analyst paradigms;encompassing;2019-06-29;2019-06-29
9;Canadian Dollar;Berkshire Designer;2019-06-30;2019-06-29
10;Handmade 24/7 Re-contextualized;web-enabled invoice withdrawal;2019-06-29;2019-06-29
